,stores,chipset,time
0,NewEgg,rx5700,1
1,NewEgg,rx5700,1
2,NewEgg,rx5700,180
3,NewEgg,rx5700,180
4,NewEgg,rx5700,1
5,NewEgg,rx5700,180
6,NewEgg,rx5700,1
7,NewEgg,rx5700,1
8,NewEgg,rx5700,1
9,NewEgg,rx5700,1
10,NewEgg,rx5700,180
11,NewEgg,rx5700,1
12,NewEgg,rx5700,1
13,NewEgg,rx5700,1
14,NewEgg,rx5700,1
15,NewEgg,rx5700,1
16,NewEgg,rx5700,180
17,NewEgg,rx5700,1
18,NewEgg,rx5700,1
19,NewEgg,rx5700,1
20,NewEgg,rx5700,1
21,NewEgg,rx5700,1
22,NewEgg,rx5700,1
23,NewEgg,rx5700,1
24,NewEgg,rx5700,1
25,NewEgg,rx5700,1
26,NewEgg,rx5700,1
27,NewEgg,rx5700,1
28,NewEgg,rx5700,1
29,NewEgg,rx5700,1
30,NewEgg,rx5700,1
31,NewEgg,rx5700,1
32,NewEgg,rx5700,1
33,NewEgg,rx5700,1
34,NewEgg,rx5700,1
35,NewEgg,rx5700,1
36,NewEgg,rx5700,1
37,NewEgg,rx5700,1
38,NewEgg,rx5700,182
39,NewEgg,rx5700,1
40,NewEgg,rx5700,1
41,NewEgg,rx5700,1
42,NewEgg,rx5700,1
43,NewEgg,rx5700,1
44,NewEgg,rx5700,1
45,NewEgg,rx5700,1
46,NewEgg,rx5700,1
47,NewEgg,rx5700,1
48,NewEgg,rx5700,1
49,NewEgg,rx5700,1
50,NewEgg,rx5700,360
51,NewEgg,rx5700,1
52,NewEgg,rx5700,1
53,NewEgg,rx5700,1
54,NewEgg,rx5700,1
55,NewEgg,rx5700,1
56,NewEgg,rx5700,1
57,NewEgg,rx5700,1
58,NewEgg,rx5700,1
59,NewEgg,rx5700,360
60,NewEgg,rx5700,1
61,NewEgg,rx5700,1
62,NewEgg,rx5700,1
63,NewEgg,rx5700,1
64,NewEgg,rx5700,1
65,NewEgg,rx5700,1
66,NewEgg,rx5700,360
67,NewEgg,rx5700,360
68,NewEgg,rx5700,1
69,NewEgg,rx5700,60
70,NewEgg,rx5700,1
71,NewEgg,rx5700,1
72,NewEgg,rx5700,1
73,NewEgg,rx5700,1
74,NewEgg,rx5700,360
75,NewEgg,rx5700,1
76,NewEgg,rx5700,1
77,NewEgg,rx5700,1
78,NewEgg,rx5700,1
79,NewEgg,rx5700,1800
80,NewEgg,rx5700,1
81,NewEgg,rx5700,1
82,NewEgg,rx5700,360
83,NewEgg,rx5700,1
84,NewEgg,rx5700,1
85,NewEgg,rx5700,1
86,NewEgg,rx5700,1
87,NewEgg,rx5700,1
88,NewEgg,rx5700,1
89,NewEgg,rx5700,60
90,NewEgg,rx5700,360
91,NewEgg,rx5700,1
92,NewEgg,rx5700,1
93,NewEgg,rx5700,1
94,NewEgg,rx5700,1
95,NewEgg,rx5700,1
96,NewEgg,rx5700,360
97,NewEgg,rx5700,360
98,NewEgg,rx5700,360
99,NewEgg,rx5700,360
100,NewEgg,rx5700,360
101,NewEgg,rx5700,1
102,NewEgg,rx5700,360
103,NewEgg,rx5700,1800
104,NewEgg,rx5700,5040
105,NewEgg,rx5700,60
106,NewEgg,rx5700,360
107,NewEgg,rx5700,11160
108,NewEgg,rx5700,3240
109,NewEgg,rx5700,1
110,NewEgg,rx5700,60
111,NewEgg,rx5700,3240
112,NewEgg,rx5700,360
113,NewEgg,rx5700,540
114,NewEgg,rx5700,3240
115,NewEgg,rx5700,1
116,NewEgg,rx5700,27720
117,NewEgg,rx5700,360
118,NewEgg,rx5700,3240
119,NewEgg,rx5700,1
120,NewEgg,rx5700,3600
121,NewEgg,rx5700,1
122,NewEgg,rx5700,1
123,NewEgg,rx5700,1
124,NewEgg,rx5700,6840
125,NewEgg,rx5700,1
126,NewEgg,rx5700,1
127,NewEgg,rx5700,60
128,NewEgg,rx5700,1
129,NewEgg,rx5700,3240
130,NewEgg,rx5700,1
131,NewEgg,rx5700,1
132,NewEgg,rx5700,1
133,NewEgg,rx5700,1
134,NewEgg,rx5700,1
135,NewEgg,rx5700,360
136,NewEgg,rx5700,1
137,NewEgg,rx5700,1
138,NewEgg,rx5700,3240
139,NewEgg,rx5700,1
140,NewEgg,rx5700,1
141,NewEgg,rx5700,1
142,NewEgg,rx5700,1
143,NewEgg,rx5700,33840
144,NewEgg,rx5700,360
145,NewEgg,rx5700,8280
146,NewEgg,rx5700,37080
147,NewEgg,rx5700,1800
148,NewEgg,rx5700,3240
149,NewEgg,rx5700,1800
150,NewEgg,rx5700,1
151,NewEgg,rx5700,16200
152,NewEgg,rx5700,1
153,NewEgg,rx5700,360
154,NewEgg,rx5700,360
155,NewEgg,rx5700,360
156,NewEgg,rx5700,1
157,NewEgg,rx5700,60
158,NewEgg,rx5700,1
159,NewEgg,rx5700,60
160,NewEgg,rx5700,360
161,NewEgg,rx5700,360
162,NewEgg,rx5700,1
163,NewEgg,rx5700,360
164,NewEgg,rx5700,60
165,NewEgg,rx5700,360
166,NewEgg,rx5700,360
167,NewEgg,rx5700,1
168,NewEgg,rx5700,360
169,NewEgg,rx5700,360
170,NewEgg,rx5700,360
171,NewEgg,rx5700,60
172,NewEgg,rx5700,1
173,NewEgg,rx5700,360
174,NewEgg,rx5700,1
175,NewEgg,rx5700,1
176,NewEgg,rx5700,60
177,NewEgg,rx5700,1
178,NewEgg,rx5700,60
179,NewEgg,rx5700,60
180,NewEgg,rx5700,1
181,NewEgg,rx5700,40680
182,NewEgg,rx5700,1
183,NewEgg,rx5700,1
184,NewEgg,rx5700,1
185,NewEgg,rx5700,1
186,NewEgg,rx5700,1
187,NewEgg,rx5700,1
188,NewEgg,rx5700,55440
189,NewEgg,rx5700,1
190,NewEgg,rx5700,360
191,NewEgg,rx5700,1
192,NewEgg,rx5700,1
193,NewEgg,rx5700,360
194,NewEgg,rx5700,1
195,NewEgg,rx5700,3240
196,NewEgg,rx5700,47160
197,NewEgg,rx5700,1
198,NewEgg,rx5700,1
199,NewEgg,rx5700,1
200,NewEgg,rx5700,360
201,NewEgg,rx5700,1
202,NewEgg,rx5700,360
203,NewEgg,rx5700,132840
204,NewEgg,rx5700,360
205,NewEgg,rx5700,7920
206,NewEgg,rx5700,60
207,NewEgg,rx5700,360
208,NewEgg,rx5700,1
209,NewEgg,rx5700,360
210,NewEgg,rx5700,7920
211,NewEgg,rx5700,360
212,NewEgg,rx5700,1
213,NewEgg,rx5700,60
214,NewEgg,rx5700,1
215,NewEgg,rx5700,30960
216,NewEgg,rx5700,21205
217,NewEgg,rx5700,1
218,NewEgg,rx5700,3565
219,NewEgg,rx5700,325
220,NewEgg,rx5700,13645
221,NewEgg,rx5700,1045
222,NewEgg,rx5700,360
223,NewEgg,rx5700,1
224,NewEgg,rx5700,1
225,NewEgg,rx5700,1
226,NewEgg,rx5700,180
227,NewEgg,rx5700,60
228,NewEgg,rx5700,5400
229,NewEgg,rx5700,360
230,NewEgg,rx5700,1
231,NewEgg,rx5700,1
232,NewEgg,rx5700,60
233,NewEgg,rx5700,1
234,NewEgg,rx5700,360
235,NewEgg,rx5700,480
236,NewEgg,rx5700,1
237,NewEgg,rx5700,3240
238,NewEgg,rx5700,1
239,NewEgg,rx5700,1
240,NewEgg,rx5700,1800
241,NewEgg,rx5700,1800
242,NewEgg,rx5700,60
243,NewEgg,rx5700,1800
244,NewEgg,rx5700,3240
245,NewEgg,rx5700,1800
246,NewEgg,rx5700,1
247,NewEgg,rx5700,1
248,NewEgg,rx5700,3240
249,NewEgg,rx5700,60
250,NewEgg,rx5700,3600
251,NewEgg,rx5700,60
252,NewEgg,rx5700,6480
253,NewEgg,rx5700,60
254,NewEgg,rx5700,1
255,NewEgg,rx5700,28080
256,NewEgg,rx5700,12600
257,NewEgg,rx5700,2160
258,NewEgg,rx5700,6840
259,NewEgg,rx5700,900
260,NewEgg,rx5700,360
261,NewEgg,rx5700,1
262,NewEgg,rx5700,1312
263,NewEgg,rx5700,600
264,NewEgg,rx5700,3592
265,NewEgg,rx5700,1
266,NewEgg,rx5700,1
267,NewEgg,rx5700,120
268,NewEgg,rx5700,1
269,NewEgg,rx5700,1
270,NewEgg,rx5700,1200
271,NewEgg,rx5700,5392
272,NewEgg,rx5700,5392
273,NewEgg,rx5700,1
274,NewEgg,rx5700,480
275,NewEgg,rx5700,4672
276,NewEgg,rx5700,2760
277,NewEgg,rx5700,600
278,NewEgg,rx5700,600
279,NewEgg,rx5700,480
280,NewEgg,rx5700,120
281,NewEgg,rx5700,120
282,NewEgg,rx5700,2340
283,NewEgg,rx5700,1080
284,NewEgg,rx5700,1681
285,NewEgg,rx5700,4380
286,NewEgg,rx5700,1560
287,NewEgg,rx5700,1200
288,NewEgg,rx5700,1
289,NewEgg,rx5700,480
290,NewEgg,rx5700,3719
291,NewEgg,rx5700,600
292,NewEgg,rx5700,1560
293,NewEgg,rx5700,1080
294,NewEgg,rx5700,2640
295,NewEgg,rx5700,1200
296,NewEgg,rx5700,1
297,NewEgg,rx5700,1080
298,NewEgg,rx5700,1680
299,NewEgg,rx5700,1
300,NewEgg,rx5700,1
301,NewEgg,rx5700,2160
302,NewEgg,rx5700,1
303,NewEgg,rx5700,2280
304,NewEgg,rx5700,600
305,NewEgg,rx5700,240
306,NewEgg,rx5700,120
307,NewEgg,rx5700,1
308,NewEgg,rx5700,600
309,NewEgg,rx5700,480
310,NewEgg,rx5700,1
311,NewEgg,rx5700,480
312,NewEgg,rx5700,4560
313,NewEgg,rx5700,1
314,NewEgg,rx5700,1680
315,NewEgg,rx5700,120
316,NewEgg,rx5700,1
317,NewEgg,rx5700,480
318,NewEgg,rx5700,1200
319,NewEgg,rx5700,1
320,NewEgg,rx5700,2640
321,NewEgg,rx5700,120
322,NewEgg,rx5700,480
323,NewEgg,rx5700,1
324,NewEgg,rx5700,2160
325,NewEgg,rx5700,1
326,NewEgg,rx5700,120
327,NewEgg,rx5700,1
328,NewEgg,rx5700,1200
329,NewEgg,rx5700,1
330,NewEgg,rx5700,1
331,NewEgg,rx5700,1680
332,NewEgg,rx5700,1080
333,NewEgg,rx5700,1
334,NewEgg,rx5700,480
335,NewEgg,rx5700,1
336,NewEgg,rx5700,1080
337,NewEgg,rx5700,1
338,NewEgg,rx5700,120
339,NewEgg,rx5700,1
340,NewEgg,rx5700,1680
341,NewEgg,rx5700,120
342,NewEgg,rx5700,3360
343,NewEgg,rx5700,20640
344,NewEgg,rx5700,1
345,NewEgg,rx5700,600
346,NewEgg,rx5700,37252
347,NewEgg,rx5700,480
348,NewEgg,rx5700,23880
349,NewEgg,rx5700,1
350,NewEgg,rx5700,1
351,NewEgg,rx5700,3720
352,NewEgg,rx5700,1680
353,NewEgg,rx5700,1
354,NewEgg,rx5700,480
355,NewEgg,rx5700,1
356,NewEgg,rx5700,2160
357,NewEgg,rx5700,1200
358,NewEgg,rx5700,1
359,NewEgg,rx5700,1
360,NewEgg,rx5700,2280
361,NewEgg,rx5700,2640
362,NewEgg,rx5700,120
363,NewEgg,rx5700,1080
364,NewEgg,rx5700,1
365,NewEgg,rx5700,1
366,NewEgg,rx5700,600
367,NewEgg,rx5700,1
368,NewEgg,rx5700,120
369,NewEgg,rx5700,1
370,NewEgg,rx5700,180
371,NewEgg,rx5700,1
372,NewEgg,rx5700,120
373,NewEgg,rx5700,540
374,NewEgg,rx5700,2160
375,NewEgg,rx5700,1
376,NewEgg,rx5700,1200
377,NewEgg,rx5700,1
378,NewEgg,rx5700,1
379,NewEgg,rx5700,6000
380,NewEgg,rx5700,2280
381,NewEgg,rx5700,2160
382,NewEgg,rx5700,2160
383,NewEgg,rx5700,1
384,NewEgg,rx5700,1
385,NewEgg,rx5700,10200
386,NewEgg,rx5700,1
387,NewEgg,rx5700,2640
388,NewEgg,rx5700,1080
389,NewEgg,rx5700,600
390,NewEgg,rx5700,120
391,NewEgg,rx5700,7560
392,NewEgg,rx5700,2640
393,NewEgg,rx5700,120
394,NewEgg,rx5700,480
395,Amazon,rx5700,1080
396,NewEgg,rx5700,1680
397,NewEgg,rx5700,600
398,NewEgg,rx5700,1560
399,Amazon,rx5700,1560
400,NewEgg,rx5700,600
401,NewEgg,rx5700,120
402,Amazon,rx5700,1
403,NewEgg,rx5700,2160
404,NewEgg,rx5700,1
405,NewEgg,rx5700,73140
406,NewEgg,rx5700,120
407,NewEgg,rx5700,35040
408,NewEgg,rx5700,1
409,NewEgg,rx5700,10320
410,NewEgg,rx5700,1200
411,Amazon,rx5700,1320
412,NewEgg,rx5700,1
413,NewEgg,rx5700,600
414,Amazon,rx5700,600
415,NewEgg,rx5700,120
416,NewEgg,rx5700,600
417,NewEgg,rx5700,1680
418,NewEgg,rx5700,1200
419,NewEgg,rx5700,480
420,NewEgg,rx5700,3840
421,NewEgg,rx5700,49800
422,NewEgg,rx5700,1
423,NewEgg,rx5700,8160
424,NewEgg,rx5700,1560
425,NewEgg,rx5700,7561
426,NewEgg,rx5700,87412
427,NewEgg,rx5700,40080
428,NewEgg,rx5700,1
429,NewEgg,rx5700,120
430,NewEgg,rx5700,1
431,NewEgg,rx5700,1
432,NewEgg,rx5700,1
433,NewEgg,rx5700,480
434,NewEgg,rx5700,1
435,NewEgg,rx5700,1
436,NewEgg,rx5700,1
437,NewEgg,rx5700,1
438,NewEgg,rx5700,1
439,NewEgg,rx5700,1
440,NewEgg,rx5700,1
441,NewEgg,rx5700,1
442,NewEgg,rx5700,120
443,NewEgg,rx5700,480
444,NewEgg,rx5700,1
445,NewEgg,rx5700,1
446,NewEgg,rx5700,120
447,NewEgg,rx5700,1
448,NewEgg,rx5700,1
449,NewEgg,rx5700,1
450,NewEgg,rx5700,120
451,NewEgg,rx5700,1
452,NewEgg,rx5700,1
453,NewEgg,rx5700,120
454,NewEgg,rx5700,120
455,NewEgg,rx5700,1
456,NewEgg,rx5700,1
457,NewEgg,rx5700,480
458,NewEgg,rx5700,120
459,NewEgg,rx5700,120
460,NewEgg,rx5700,120
461,NewEgg,rx5700,121
462,NewEgg,rx5700,1
463,NewEgg,rx5700,1
464,Amazon,rx5700,2160
465,NewEgg,rx5700,1
466,NewEgg,rx5700,1
467,NewEgg,rx5700,1
468,NewEgg,rx5700,1
469,NewEgg,rx5700,1
470,NewEgg,rx5700,120
471,NewEgg,rx5700,120
472,NewEgg,rx5700,1
473,NewEgg,rx5700,1
474,NewEgg,rx5700,1
475,NewEgg,rx5700,1
476,NewEgg,rx5700,1
477,Amazon,rx5700,180
478,Amazon,rx5700,4200
479,NewEgg,rx5700,1
480,NewEgg,rx5700,121
481,NewEgg,rx5700,1
482,NewEgg,rx5700,1
483,NewEgg,rx5700,120
484,NewEgg,rx5700,120
485,NewEgg,rx5700,1
486,NewEgg,rx5700,120
487,NewEgg,rx5700,120
488,NewEgg,rx5700,120
489,NewEgg,rx5700,479
490,NewEgg,rx5700,1
491,NewEgg,rx5700,1
492,NewEgg,rx5700,1
493,NewEgg,rx5700,1
494,NewEgg,rx5700,480
495,NewEgg,rx5700,480
496,NewEgg,rx5700,1
497,NewEgg,rx5700,1
498,NewEgg,rx5700,120
499,NewEgg,rx5700,120
500,NewEgg,rx5700,480
501,NewEgg,rx5700,1
502,NewEgg,rx5700,1
503,NewEgg,rx5700,1
504,NewEgg,rx5700,120
505,NewEgg,rx5700,1
506,Amazon,rx5700,1
507,NewEgg,rx5700,120
508,NewEgg,rx5700,1
509,NewEgg,rx5700,120
510,NewEgg,rx5700,1
511,NewEgg,rx5700,1
512,NewEgg,rx5700,480
513,Amazon,rx5700,1
514,Amazon,rx5700,1
515,NewEgg,rx5700,1
516,NewEgg,rx5700,1
517,NewEgg,rx5700,1
518,NewEgg,rx5700,1
519,NewEgg,rx5700,120
520,NewEgg,rx5700,120
521,NewEgg,rx5700,1
522,NewEgg,rx5700,1
523,NewEgg,rx5700,1
524,NewEgg,rx5700,1
525,NewEgg,rx5700,1
526,NewEgg,rx5700,1
527,NewEgg,rx5700,1
528,NewEgg,rx5700,1
529,NewEgg,rx5700,1
530,NewEgg,rx5700,1
531,NewEgg,rx5700,1
532,NewEgg,rx5700,1
533,NewEgg,rx5700,120
534,NewEgg,rx5700,1
535,NewEgg,rx5700,1
536,NewEgg,rx5700,1
537,NewEgg,rx5700,1
538,NewEgg,rx5700,120
539,NewEgg,rx5700,120
540,NewEgg,rx5700,120
541,NewEgg,rx5700,120
542,NewEgg,rx5700,1
543,NewEgg,rx5700,120
544,NewEgg,rx5700,120
545,NewEgg,rx5700,120
546,NewEgg,rx5700,1
547,NewEgg,rx5700,1
548,NewEgg,rx5700,120
549,NewEgg,rx5700,1
550,NewEgg,rx5700,1
551,NewEgg,rx5700,1
552,NewEgg,rx5700,1
553,NewEgg,rx5700,1
554,NewEgg,rx5700,1
555,NewEgg,rx5700,1
556,NewEgg,rx5700,1
557,NewEgg,rx5700,1
558,NewEgg,rx5700,1
559,NewEgg,rx5700,1
560,NewEgg,rx5700,1
561,NewEgg,rx5700,1
562,NewEgg,rx5700,480
563,NewEgg,rx5700,1
564,NewEgg,rx5700,1
565,NewEgg,rx5700,120
566,NewEgg,rx5700,1
567,NewEgg,rx5700,1
568,NewEgg,rx5700,1
569,NewEgg,rx5700,1
570,NewEgg,rx5700,600
571,NewEgg,rx5700,1
572,NewEgg,rx5700,1
573,NewEgg,rx5700,1
574,NewEgg,rx5700,120
575,NewEgg,rx5700,480
576,NewEgg,rx5700,480
577,NewEgg,rx5700,1
578,NewEgg,rx5700,120
579,NewEgg,rx5700,1
580,NewEgg,rx5700,120
581,Amazon,rx5700,480
582,NewEgg,rx5700,120
583,NewEgg,rx5700,1
584,NewEgg,rx5700,1
585,NewEgg,rx5700,480
586,NewEgg,rx5700,480
587,NewEgg,rx5700,120
588,NewEgg,rx5700,1
589,Amazon,rx5700,1680
590,NewEgg,rx5700,1
591,NewEgg,rx5700,1
592,NewEgg,rx5700,1
593,NewEgg,rx5700,120
594,NewEgg,rx5700,120
595,NewEgg,rx5700,1
596,NewEgg,rx5700,120
597,NewEgg,rx5700,1
598,NewEgg,rx5700,1
599,Amazon,rx5700,120
600,Amazon,600xt,316
601,Amazon,600xt,147
602,Amazon,600xt,120
603,Amazon,600xt,404
604,Amazon,600xt,807
605,Amazon,600xt,165
606,Amazon,600xt,449
607,Amazon,600xt,223
608,Amazon,600xt,1200
609,Amazon,600xt,329
610,Amazon,600xt,209
611,Amazon,600xt,17
612,Amazon,600xt,136
613,Amazon,600xt,552
614,Amazon,600xt,1260
615,Amazon,600xt,14340
616,Amazon,600xt,192
617,Amazon,600xt,660
618,Amazon,600xt,163
619,Amazon,600xt,1603
620,Amazon,600xt,525
621,Amazon,600xt,60
622,Amazon,600xt,2193
623,Amazon,600xt,269
624,Amazon,600xt,451
625,Amazon,600xt,75
626,Amazon,600xt,6840
627,Amazon,600xt,163
628,Amazon,600xt,377
629,Amazon,600xt,1
630,Amazon,600xt,735
631,Amazon,600xt,660
632,Amazon,600xt,147
633,Amazon,600xt,120
634,Amazon,600xt,300
635,Amazon,600xt,720
636,Amazon,600xt,16
637,Amazon,600xt,120
638,Amazon,600xt,3583
639,Amazon,600xt,1
640,Amazon,600xt,29836
641,Amazon,600xt,29836
642,Amazon,600xt,29836
643,Amazon,600xt,19953
644,Amazon,600xt,29836
645,Amazon,600xt,3556
646,Amazon,600xt,525
647,Amazon,600xt,525
648,Amazon,600xt,525
649,Amazon,600xt,525
650,Amazon,600xt,525
651,Amazon,600xt,525
652,Amazon,600xt,16
653,Amazon,600xt,60
654,Amazon,600xt,8067
655,Amazon,600xt,12
656,Amazon,600xt,8144
657,Amazon,600xt,1
658,Amazon,600xt,1
659,Amazon,600xt,2973
660,Amazon,600xt,857
661,Amazon,600xt,300
662,Amazon,600xt,11367
663,Amazon,600xt,16
664,Amazon,600xt,1
665,Amazon,600xt,136
666,Amazon,600xt,93
667,Amazon,600xt,1
668,Amazon,600xt,1
669,Amazon,600xt,15524
670,Amazon,600xt,120
671,Amazon,600xt,737
672,Amazon,600xt,15524
673,Amazon,600xt,449
674,Amazon,600xt,1
675,Amazon,600xt,1152
676,Amazon,600xt,15
677,Amazon,600xt,269
678,Amazon,600xt,72
679,Amazon,600xt,929
680,Amazon,600xt,403
681,Amazon,600xt,525
682,Amazon,600xt,823
683,Amazon,600xt,1887
684,Amazon,600xt,267
685,Amazon,600xt,823
686,Amazon,600xt,2596
687,Amazon,600xt,1
688,Amazon,600xt,3796
689,Amazon,600xt,32
690,Amazon,600xt,240
691,Amazon,600xt,6672
692,Amazon,600xt,12
693,Amazon,600xt,463
694,Amazon,600xt,453
695,Amazon,600xt,72
696,Amazon,600xt,77
697,Amazon,600xt,12
698,Amazon,600xt,45
699,Amazon,600xt,103
700,Amazon,600xt,120
701,Amazon,600xt,44
702,Amazon,600xt,27
703,Amazon,600xt,34545
704,Amazon,600xt,408
705,Amazon,600xt,60
706,Amazon,600xt,16
707,Amazon,600xt,1
708,Amazon,600xt,44
709,Amazon,600xt,15672
710,Amazon,600xt,164
711,Amazon,600xt,136
712,Amazon,600xt,17
713,Amazon,600xt,612
714,Amazon,600xt,151
715,Amazon,600xt,29
716,Amazon,600xt,453
717,Amazon,600xt,437
718,Amazon,600xt,1
719,Amazon,600xt,556
720,Amazon,600xt,316
721,Amazon,600xt,224
722,Amazon,600xt,1
723,Amazon,600xt,840
724,Amazon,600xt,1
725,Amazon,600xt,1
726,Amazon,600xt,165
727,Amazon,600xt,1
728,Amazon,600xt,50069
729,Amazon,600xt,273
730,Amazon,600xt,343
731,Amazon,600xt,77
732,Amazon,600xt,33
733,Amazon,600xt,600
734,Amazon,600xt,1
735,Amazon,600xt,1
736,Amazon,600xt,180
737,Amazon,600xt,449
738,Amazon,600xt,888
739,Amazon,600xt,15
740,Amazon,600xt,1
741,Amazon,600xt,16
742,Amazon,600xt,989
743,Amazon,600xt,48
744,Amazon,600xt,180
745,Amazon,600xt,16
746,Amazon,600xt,1
747,Amazon,600xt,16
748,Amazon,600xt,240
749,Amazon,600xt,31
750,Amazon,600xt,240
751,Amazon,600xt,387
752,Amazon,600xt,1
753,Amazon,600xt,136
754,Amazon,600xt,45
755,Amazon,600xt,17
756,Amazon,600xt,1
757,Amazon,600xt,207
758,Amazon,600xt,76
759,Amazon,600xt,60
760,Amazon,600xt,327
761,Amazon,600xt,1
762,Amazon,600xt,12
763,Amazon,600xt,105
764,Amazon,600xt,12
765,Amazon,600xt,93
766,Amazon,600xt,135
767,Amazon,600xt,1769
768,Amazon,600xt,468
769,Amazon,600xt,27
770,Amazon,600xt,44
771,Amazon,600xt,33975
772,Amazon,600xt,736
773,Amazon,600xt,108
774,Amazon,600xt,747
775,Amazon,600xt,43
776,Amazon,600xt,76
777,Amazon,600xt,16
778,Amazon,600xt,151
779,Amazon,600xt,463
780,Amazon,600xt,1
781,Amazon,600xt,240
782,Amazon,600xt,1
783,Amazon,600xt,44
784,Amazon,600xt,44
785,Amazon,600xt,1
786,Amazon,600xt,17
787,Amazon,600xt,44
788,Amazon,600xt,1107
789,Amazon,600xt,256
790,Amazon,600xt,17
791,Amazon,600xt,163
792,Amazon,600xt,12
793,Amazon,600xt,29
794,Amazon,600xt,31
795,Amazon,600xt,17
796,Amazon,600xt,15
797,Amazon,600xt,164
798,Amazon,600xt,17
799,Amazon,600xt,45
800,Amazon,600xt,15
801,Amazon,600xt,15
802,Amazon,600xt,15
803,Amazon,600xt,15
804,Amazon,600xt,196
805,Amazon,600xt,60
806,Amazon,600xt,104
807,Amazon,600xt,16
808,Amazon,600xt,12
809,Amazon,600xt,255
810,Amazon,600xt,16
811,Amazon,600xt,16
812,Amazon,600xt,44
813,Amazon,600xt,60
814,Amazon,600xt,15
815,Amazon,600xt,48
816,Amazon,600xt,44
817,Amazon,600xt,60
818,Amazon,600xt,12
819,Amazon,600xt,149
820,Amazon,600xt,7185
821,Amazon,600xt,1
822,Amazon,600xt,80373
823,Amazon,600xt,16
824,Amazon,600xt,1
825,Amazon,600xt,1
826,Amazon,600xt,1
827,Amazon,600xt,1
828,Amazon,600xt,16
829,Amazon,600xt,17
830,Amazon,600xt,135
831,Amazon,600xt,15
832,Amazon,600xt,44
833,Amazon,600xt,104
834,Amazon,600xt,43
835,Amazon,600xt,1
836,Amazon,600xt,1
837,Amazon,600xt,31
838,Amazon,600xt,1
839,Amazon,600xt,33
840,Amazon,600xt,223
841,Amazon,600xt,60
842,Amazon,600xt,12
843,Amazon,600xt,1
844,Amazon,600xt,27
845,Amazon,600xt,27
846,Amazon,600xt,132
847,Amazon,600xt,27
848,Amazon,600xt,89
849,Amazon,600xt,1
850,Amazon,600xt,12
851,Amazon,600xt,1
852,Amazon,600xt,1
853,Amazon,600xt,33
854,Amazon,600xt,43
855,Amazon,600xt,12
856,Amazon,600xt,60
857,Amazon,600xt,33
858,Amazon,600xt,1
859,Amazon,600xt,1
860,Amazon,600xt,15
861,Amazon,600xt,1
862,Amazon,600xt,15
863,Amazon,600xt,1
864,Amazon,600xt,1
865,Amazon,600xt,31
866,Amazon,600xt,120
867,Amazon,600xt,1097
868,Amazon,600xt,17
869,Amazon,600xt,207
870,Amazon,600xt,15
871,Amazon,600xt,567
872,Amazon,600xt,1
873,Amazon,600xt,29
874,Amazon,600xt,43
875,Amazon,600xt,136
876,Amazon,600xt,12
877,Amazon,600xt,27
878,Amazon,600xt,1
879,Amazon,600xt,29
880,Amazon,600xt,48
881,Amazon,600xt,104
882,Amazon,600xt,343
883,Amazon,600xt,1
884,Amazon,600xt,163
885,Amazon,600xt,1
886,Amazon,600xt,1
887,Amazon,600xt,44
888,Amazon,600xt,104
889,Amazon,600xt,1
890,Amazon,600xt,1
891,Amazon,600xt,105
892,Amazon,600xt,12
893,Amazon,600xt,1
894,Amazon,600xt,92
895,Amazon,600xt,1
896,Amazon,600xt,1
897,Amazon,600xt,1
898,Amazon,600xt,45
899,Amazon,600xt,27
900,Amazon,600xt,1
901,Amazon,600xt,29
902,Amazon,600xt,1
903,Amazon,600xt,15
904,Amazon,600xt,31
905,Amazon,600xt,1
906,Amazon,600xt,16
907,Amazon,600xt,31
908,Amazon,600xt,17
909,Amazon,600xt,197
910,Amazon,600xt,104
911,Amazon,600xt,31
912,Amazon,600xt,1
913,Amazon,600xt,1
914,Amazon,600xt,1
915,Amazon,600xt,1
916,Amazon,600xt,1
917,Amazon,600xt,1
918,Amazon,600xt,12
919,Amazon,600xt,1320
920,Amazon,600xt,1980
921,Amazon,600xt,15
922,Amazon,600xt,1
923,Amazon,600xt,1
924,Amazon,600xt,60
925,Amazon,600xt,16
926,Amazon,600xt,16
927,Amazon,600xt,1
928,Amazon,600xt,1
929,Amazon,600xt,1
930,Amazon,600xt,29
931,Amazon,600xt,1
932,Amazon,600xt,1
933,Amazon,600xt,1
934,Amazon,600xt,1
935,Amazon,600xt,1
936,Amazon,600xt,17
937,Amazon,600xt,1
938,Amazon,600xt,17
939,Amazon,600xt,17
940,Amazon,600xt,1
941,Amazon,600xt,1
942,Amazon,600xt,1
943,Amazon,600xt,1
944,Amazon,600xt,1
945,Amazon,600xt,32
946,Amazon,600xt,1
947,Amazon,600xt,1
948,Amazon,600xt,1
949,Amazon,600xt,1
950,Amazon,600xt,1
951,Amazon,600xt,1
952,Amazon,600xt,1
953,Amazon,600xt,1
954,Amazon,600xt,1
955,Amazon,600xt,1
956,Amazon,600xt,1
957,Amazon,600xt,1
958,Amazon,600xt,16
959,Amazon,600xt,1
960,Amazon,600xt,1
961,Amazon,600xt,1
962,Amazon,600xt,1
963,Amazon,600xt,1
964,Amazon,600xt,1
965,Amazon,600xt,1
966,Amazon,600xt,1
967,Amazon,600xt,1
968,Amazon,600xt,1
969,Amazon,600xt,1
970,Amazon,600xt,1
971,Amazon,600xt,1
972,Amazon,600xt,1
973,Amazon,600xt,1
974,Amazon,600xt,1
975,Amazon,600xt,12
976,Amazon,600xt,1
977,Amazon,600xt,1
978,Amazon,600xt,1
979,Amazon,600xt,1
980,Amazon,600xt,1
981,Amazon,600xt,1
982,Amazon,600xt,1
983,Amazon,600xt,436
984,Amazon,600xt,1
985,Amazon,600xt,4528
986,Amazon,600xt,1
987,Amazon,600xt,1
988,Amazon,600xt,8352
989,Amazon,600xt,1
990,Amazon,600xt,1
991,Amazon,600xt,120
992,Amazon,600xt,1124
993,Amazon,600xt,628
994,Amazon,600xt,16
995,Amazon,600xt,1
996,Amazon,600xt,19724
997,Amazon,600xt,21840
998,Amazon,600xt,2088
999,Amazon,600xt,2970
1000,Amazon,600xt,2970
1001,Amazon,rx6600,47
1002,Amazon,rx6600,29846
1003,Amazon,rx6600,27073
1004,Amazon,rx6600,29846
1005,Amazon,rx6600,29846
1006,Amazon,rx6600,468
1007,Amazon,rx6600,468
1008,Amazon,rx6600,468
1009,Amazon,rx6600,468
1010,Amazon,rx6600,39
1011,Amazon,rx6600,39
1012,Amazon,rx6600,39
1013,Amazon,rx6600,39
1014,Amazon,rx6600,8194
1015,Amazon,rx6600,32734
1016,Amazon,rx6600,13
1017,Amazon,rx6600,60
1018,Amazon,rx6600,1560
1019,Amazon,rx6600,1
1020,Amazon,rx6600,540
1021,Amazon,rx6600,274
1022,Amazon,rx6600,219
1023,Amazon,rx6600,158
1024,Amazon,rx6600,111
1025,Amazon,rx6600,47
1026,Amazon,rx6600,47
1027,Amazon,rx6600,155
1028,Amazon,rx6600,107
1029,Amazon,rx6600,214
1030,Amazon,rx6600,1
1031,Amazon,rx6600,12
1032,Amazon,rx6600,9
1033,Amazon,rx6600,107
1034,Amazon,rx6600,227
1035,Amazon,rx6600,159
1036,Amazon,rx6600,1
1037,Amazon,rx6600,107
1038,Amazon,rx6600,13
1039,Amazon,rx6600,1
1040,Amazon,rx6600,47
1041,Amazon,rx6600,154
1042,Amazon,rx6600,1
1043,Amazon,rx6600,1
1044,Amazon,rx6600,13
1045,Amazon,rx6600,47
1046,Amazon,rx6600,65674
1047,Amazon,rx6600,429
1048,Amazon,rx6600,13
1049,Amazon,rx6600,1427
1050,Amazon,rx6600,1
1051,Amazon,rx6600,47
1052,Amazon,rx6600,155
1053,Amazon,rx6600,454
1054,Amazon,rx6600,1
1055,Amazon,rx6600,480
1056,Amazon,rx6600,386
1057,Amazon,rx6600,107
1058,Amazon,rx6600,1
1059,Amazon,rx6600,167
1060,Amazon,rx6600,1
1061,Amazon,rx6600,1
1062,Amazon,rx6600,1
1063,Amazon,rx6600,1
1064,Amazon,rx6600,1
1065,Amazon,rx6600,1
1066,Amazon,rx6600,47
1067,Amazon,rx6600,1
1068,Amazon,rx6600,1
1069,Amazon,rx6600,1
1070,Amazon,rx6600,47
1071,Amazon,rx6600,1
1072,Amazon,rx6600,1
1073,Amazon,rx6600,1
1074,Amazon,rx6600,110400
1075,Amazon,rx6600,13
1076,Amazon,rx6600,9
1077,Amazon,rx6600,1
1078,Amazon,rx6600,107
1079,Amazon,rx6600,107
1080,Amazon,rx6600,1
1081,Amazon,rx6600,47
1082,Amazon,rx6600,48
1083,Amazon,rx6600,1
1084,Amazon,rx6600,9
1085,Amazon,rx6600,1
1086,Amazon,rx6600,13
1087,Amazon,rx6600,1
1088,Amazon,rx6600,1
1089,Amazon,rx6600,1
1090,Amazon,rx6600,7046
1091,Amazon,rx6600,1
1092,Amazon,rx6600,326
1093,Amazon,rx6600,60
1094,Amazon,rx6600,154
1095,Amazon,rx6600,1
1096,Amazon,rx6600,13
1097,Amazon,rx6600,1
1098,Amazon,rx6600,1
1099,Amazon,rx6600,60
1100,Amazon,rx6600,1
1101,Amazon,rx6600,9
1102,Amazon,rx6600,1
1103,Amazon,rx6600,1
1104,Amazon,rx6600,47
1105,Amazon,rx6600,47
1106,Amazon,rx6600,218
1107,Amazon,rx6600,1
1108,Amazon,rx6600,107
1109,Amazon,rx6600,12
1110,Amazon,rx6600,111
1111,Amazon,rx6600,1
1112,Amazon,rx6600,107
1113,Amazon,rx6600,60
1114,Amazon,rx6600,13
1115,Amazon,rx6600,322
1116,Amazon,rx6600,1
1117,Amazon,rx6600,2820
1118,Amazon,rx6600,1
1119,Amazon,rx6600,47
1120,Amazon,rx6600,1
1121,Amazon,rx6600,154
1122,Amazon,rx6600,1
1123,Amazon,rx6600,60
1124,Amazon,rx6600,1
1125,Amazon,rx6600,1
1126,Amazon,rx6600,1
1127,Amazon,rx6600,1
1128,Amazon,rx6600,1
1129,Amazon,rx6600,47
1130,Amazon,rx6600,47
1131,Amazon,rx6600,48
1132,Amazon,rx6600,1
1133,Amazon,rx6600,1
1134,Amazon,rx6600,1
1135,Amazon,rx6600,1
1136,Amazon,rx6600,3039
1137,Amazon,rx6600,1
1138,Amazon,rx6600,13
1139,Amazon,rx6600,433
1140,Amazon,rx6600,1
1141,Amazon,rx6600,1
1142,Amazon,rx6600,1
1143,Amazon,rx6600,9
1144,Amazon,rx6600,1
1145,Amazon,rx6600,1
1146,Amazon,rx6600,1
1147,Amazon,rx6600,1
1148,Amazon,rx6600,1
1149,Amazon,rx6700xt,1340
1150,Amazon,rx6700xt,200
1151,Amazon,rx6700xt,20
1152,Amazon,rx6700xt,1160
1153,Amazon,rx6700xt,2009
1154,Amazon,rx6700xt,590
1155,Amazon,rx6700xt,120
1156,Amazon,rx6700xt,70
1157,Amazon,rx6700xt,1
1158,Amazon,rx6700xt,10
1159,Amazon,rx6700xt,20
1160,Amazon,rx6700xt,150
1161,Amazon,rx6700xt,199
1162,Amazon,rx6700xt,10
1163,Amazon,rx6700xt,10
1164,Amazon,rx6700xt,10200
1165,Amazon,rx6700xt,380
1166,Amazon,rx6700xt,12560
1167,Amazon,rx6700xt,80
1168,Amazon,rx6700xt,60
1169,Amazon,rx6700xt,1840
1170,Amazon,rx6700xt,22910
1171,Amazon,rx6700xt,3300
1172,Amazon,rx6700xt,11240
1173,Amazon,rx6700xt,520
1174,Amazon,rx6700xt,420
1175,Amazon,rx6700xt,150
1176,Amazon,rx6700xt,19120
1177,Amazon,rx6700xt,5660
1178,Amazon,rx6700xt,29850
1179,Amazon,rx6700xt,1950
1180,Amazon,rx6700xt,29850
1181,Amazon,rx6700xt,1
1182,Amazon,rx6700xt,50
1183,Amazon,rx6700xt,11270
1184,Amazon,rx6700xt,20
1185,Amazon,rx6700xt,2240
1186,Amazon,rx6700xt,16930
1187,Amazon,rx6700xt,6090
1188,Amazon,rx6700xt,420
1189,Amazon,rx6700xt,180
1190,Amazon,rx6700xt,600
1191,Amazon,rx6700xt,3580
1192,Amazon,rx6700xt,1810
1193,Amazon,rx6700xt,1330
1194,Amazon,rx6700xt,720
1195,Amazon,rx6700xt,230
1196,Amazon,rx6700xt,410
1197,Amazon,rx6700xt,420
1198,Amazon,rx6700xt,40
1199,Amazon,rx6700xt,489
1200,Amazon,rx6700xt,240
1201,Amazon,rx6700xt,350
1202,Amazon,rx6700xt,439
1203,Amazon,rx6700xt,330
1204,Amazon,rx6700xt,4590
1205,Amazon,rx6700xt,10
1206,Amazon,rx6700xt,7850
1207,Amazon,rx6700xt,210
1208,Amazon,rx6700xt,99
1209,Amazon,rx6700xt,60
1210,Amazon,rx6700xt,780
1211,Amazon,rx6700xt,10
1212,Amazon,rx6700xt,11
1213,Amazon,rx6700xt,9
1214,Amazon,rx6700xt,170
1215,Amazon,rx6700xt,120
1216,Amazon,rx6700xt,1
1217,Amazon,rx6700xt,10
1218,Amazon,rx6700xt,1
1219,Amazon,rx6700xt,90
1220,Amazon,rx6700xt,1
1221,Amazon,rx6700xt,60
1222,Amazon,rx6700xt,1430
1223,Amazon,rx6700xt,70
1224,Amazon,rx6700xt,20
1225,Amazon,rx6700xt,220
1226,Amazon,rx6700xt,10
1227,Amazon,rx6700xt,1
1228,Amazon,rx6700xt,1
1229,Amazon,rx6700xt,1
1230,Amazon,rx6700xt,550
1231,Amazon,rx6700xt,60
1232,Amazon,rx6700xt,49
1233,Amazon,rx6700xt,360
1234,Amazon,rx6700xt,3620
1235,Amazon,rx6700xt,860
1236,Amazon,rx6700xt,10210
1237,Amazon,rx6700xt,300
1238,Amazon,rx6700xt,91871
1239,Amazon,rx6700xt,10
1240,Amazon,rx6700xt,92040
1241,Amazon,rx6700xt,20
1242,Amazon,rx6700xt,92100
1243,Amazon,rx6700xt,1790
1244,Amazon,rx6700xt,260
1245,Amazon,rx6700xt,66030
1246,Amazon,rx6700xt,250
1247,Amazon,rx6700xt,11
1248,Amazon,rx6700xt,130
1249,Amazon,rx6700xt,1
1250,Amazon,rx6700xt,2530
1251,Amazon,rx6700xt,1
1252,Amazon,rx6700xt,10
1253,Amazon,rx6700xt,26620
1254,Amazon,rx6700xt,100
1255,Amazon,rx6700xt,10
1256,Amazon,rx6700xt,1
1257,Amazon,rx6700xt,1
1258,Amazon,rx6700xt,1
1259,Amazon,rx6700xt,1
1260,Amazon,rx6700xt,60
1261,Amazon,rx6700xt,80
1262,Amazon,rx6700xt,1
1263,Amazon,rx6700xt,1
1264,Amazon,rx6700xt,11
1265,Amazon,rx6700xt,300
1266,Amazon,rx6700xt,40
1267,Amazon,rx6700xt,120
1268,Amazon,rx6700xt,40
1269,Amazon,rx6700xt,1
1270,Amazon,rx6700xt,950
1271,Amazon,rx6700xt,1
1272,Amazon,rx6700xt,230
1273,Amazon,rx6700xt,30
1274,Amazon,rx6700xt,10
1275,Amazon,rx6700xt,10
1276,Amazon,rx6700xt,31519
1277,Amazon,rx6700xt,1
1278,Amazon,rx6700xt,20
1279,Amazon,rx6700xt,60
1280,Amazon,rx6700xt,1
1281,Amazon,rx6700xt,1
1282,Amazon,rx6700xt,144390
1283,Amazon,rx6700xt,40
1284,Amazon,rx6700xt,40
1285,Amazon,rx6700xt,1250
1286,Amazon,rx6700xt,1260
1287,Amazon,rx6700xt,3900
1288,Amazon,rx6700xt,1380
1289,BestBuy,rx6700xt,240
1290,Amazon,rx6700xt,1
1291,Amazon,rx6700xt,60
1292,Amazon,rx6700xt,1
1293,Amazon,rx6700xt,3100
1294,Amazon,rx6700xt,40
1295,Amazon,rx6700xt,30
1296,Amazon,rx6700xt,10
1297,Amazon,rx6700xt,1
1298,Amazon,rx6700xt,1
1299,Amazon,rx6700xt,3440
1300,Amazon,rx6700xt,5070
1301,Amazon,rx6700xt,380
1302,Amazon,rx6700xt,10330
1303,Amazon,rx6700xt,130
1304,Amazon,rx6700xt,1
1305,Amazon,rx6700xt,170
1306,Amazon,rx6700xt,1
1307,Amazon,rx6700xt,140
1308,Amazon,rx6700xt,1
1309,Amazon,rx6700xt,771
1310,Amazon,rx6700xt,1
1311,Amazon,rx6700xt,50
1312,Amazon,rx6700xt,15000
1313,Amazon,rx6700xt,1120
1314,Amazon,rx6700xt,100
1315,Amazon,rx6700xt,20
1316,Amazon,rx6700xt,120
1317,Amazon,rx6700xt,1
1318,Amazon,rx6700xt,1060
1319,Amazon,rx6700xt,1
1320,BestBuy,rx6700xt,1
1321,Amazon,rx6700xt,60
1322,BestBuy,rx6700xt,10
1323,Amazon,rx6700xt,20
1324,BestBuy,rx6700xt,1
1325,Amazon,rx6700xt,990
1326,BestBuy,rx6700xt,1
1327,BestBuy,rx6700xt,1
1328,BestBuy,rx6700xt,1
1329,Amazon,rx6700xt,1
1330,Amazon,rx6700xt,770
1331,Amazon,rx6700xt,1
1332,Amazon,rx6700xt,1
1333,Amazon,rx6700xt,180
1334,Amazon,rx6700xt,50
1335,Amazon,rx6700xt,1
1336,Amazon,rx6700xt,1
1337,Amazon,rx6700xt,500
1338,Amazon,rx6700xt,10
1339,Amazon,rx6700xt,1
1340,Amazon,rx6700xt,10
1341,Amazon,rx6700xt,60
1342,Amazon,rx6700xt,1
1343,Amazon,rx6700xt,1
1344,Amazon,rx6700xt,450
1345,Amazon,rx6700xt,10
1346,Amazon,rx6700xt,1
1347,Amazon,rx6700xt,70
1348,Amazon,rx6700xt,40
1349,Amazon,rx6700xt,10
1350,Amazon,rx6700xt,1260
1351,Amazon,rx6700xt,20
1352,Amazon,rx6700xt,1
1353,Amazon,rx6700xt,110
1354,Amazon,rx6700xt,9
1355,Amazon,rx6700xt,240
1356,Amazon,rx6700xt,10
1357,Amazon,rx6700xt,570
1358,Amazon,rx6700xt,1
1359,Amazon,rx6700xt,30
1360,Amazon,rx6700xt,20
1361,Amazon,rx6700xt,10
1362,Amazon,rx6700xt,200
1363,BestBuy,rx6700xt,170
1364,Amazon,rx6700xt,1
1365,BestBuy,rx6700xt,1
1366,Amazon,rx6700xt,10
1367,BestBuy,rx6700xt,1
1368,BestBuy,rx6700xt,10
1369,BestBuy,rx6700xt,1
1370,BestBuy,rx6700xt,1
1371,BestBuy,rx6700xt,10
1372,BestBuy,rx6700xt,1
1373,BestBuy,rx6700xt,20
1374,BestBuy,rx6700xt,20
1375,BestBuy,rx6700xt,1
1376,BestBuy,rx6700xt,1
1377,BestBuy,rx6700xt,1
1378,BestBuy,rx6700xt,1
1379,Amazon,rx6700xt,80
1380,Amazon,rx6700xt,1
1381,Amazon,rx6700xt,20
1382,Amazon,rx6700xt,1
1383,Amazon,rx6700xt,1
1384,Amazon,rx6700xt,130
1385,Amazon,rx6700xt,1
1386,Amazon,rx6700xt,1
1387,Amazon,rx6700xt,20
1388,Amazon,rx6700xt,30
1389,Amazon,rx6700xt,1
1390,Amazon,rx6700xt,30
1391,Amazon,rx6700xt,10
1392,Amazon,rx6700xt,150
1393,Amazon,rx6700xt,250
1394,Amazon,rx6700xt,40
1395,Amazon,rx6700xt,20
1396,Amazon,rx6700xt,50
1397,Amazon,rx6700xt,1
1398,Amazon,rx6700xt,40
1399,Amazon,rx6700xt,1
1400,Amazon,rx6700xt,1
1401,Amazon,rx6700xt,5720
1402,Amazon,rx6700xt,20
1403,Amazon,rx6700xt,1
1404,Amazon,rx6700xt,1
1405,Amazon,rx6700xt,50
1406,Amazon,rx6700xt,1
1407,Amazon,rx6700xt,1
1408,Amazon,rx6700xt,139
1409,Amazon,rx6700xt,1
1410,Amazon,rx6700xt,10
1411,Amazon,rx6700xt,180
1412,Amazon,rx6700xt,1
1413,Amazon,rx6700xt,10
1414,Amazon,rx6700xt,30
1415,Amazon,rx6700xt,20
1416,Amazon,rx6700xt,670
1417,Amazon,rx6700xt,10
1418,Amazon,rx6700xt,1
1419,Amazon,rx6700xt,1
1420,Amazon,rx6700xt,60
1421,Amazon,rx6700xt,20
1422,Amazon,rx6700xt,1
1423,Amazon,rx6700xt,20
1424,Amazon,rx6700xt,1
1425,Amazon,rx6700xt,1
1426,Amazon,rx6700xt,1
1427,Amazon,rx6700xt,11
1428,Amazon,rx6700xt,1
1429,Amazon,rx6700xt,20
1430,Amazon,rx6700xt,10
1431,Amazon,rx6700xt,1
1432,Amazon,rx6700xt,10
1433,Amazon,rx6700xt,1
1434,Amazon,rx6700xt,20
1435,Amazon,rx6700xt,50
1436,Amazon,rx6700xt,1
1437,Amazon,rx6700xt,1
1438,Amazon,rx6700xt,60
1439,Amazon,rx6700xt,10
1440,Amazon,rx6700xt,30
1441,Amazon,rx6700xt,10
1442,Amazon,rx6700xt,10
1443,Amazon,rx6700xt,10
1444,Amazon,rx6700xt,20
1445,Amazon,rx6700xt,70
1446,Amazon,rx6700xt,1
1447,Amazon,rx6700xt,1
1448,Amazon,rx6700xt,1
1449,Amazon,rx6700xt,1
1450,Amazon,rx6700xt,30
1451,Amazon,rx6700xt,100
1452,Amazon,rx6700xt,11
1453,Amazon,rx6700xt,90
1454,Amazon,rx6700xt,20
1455,Amazon,rx6700xt,170
1456,Amazon,rx6700xt,1
1457,Amazon,rx6700xt,1
1458,Amazon,rx6700xt,20
1459,Amazon,rx6700xt,50
1460,Amazon,rx6700xt,110
1461,Amazon,rx6700xt,20
1462,Amazon,rx6700xt,190
1463,Amazon,rx6700xt,1
1464,Amazon,rx6700xt,10
1465,Amazon,rx6700xt,30
1466,Amazon,rx6700xt,50
1467,Amazon,rx6700xt,60
1468,Amazon,rx6700xt,70
1469,Amazon,rx6700xt,20
1470,Amazon,rx6700xt,30
1471,Amazon,rx6700xt,1
1472,Amazon,rx6700xt,10
1473,Amazon,rx6700xt,10
1474,Amazon,rx6700xt,1580
1475,Amazon,rx6700xt,1
1476,Amazon,rx6700xt,140
1477,Amazon,rx6700xt,19
1478,Amazon,rx6700xt,1
1479,Amazon,rx6700xt,1
1480,Amazon,rx6700xt,1
1481,Amazon,rx6700xt,1
1482,Amazon,rx6700xt,1
1483,Amazon,rx6700xt,90
1484,Amazon,rx6700xt,1
1485,Amazon,rx6700xt,4470
1486,Amazon,rx6700xt,1
1487,Amazon,rx6700xt,80
1488,Amazon,rx6700xt,300
1489,Amazon,rx6700xt,1
1490,Amazon,rx6700xt,120
1491,Amazon,rx6700xt,50
1492,Amazon,rx6700xt,30
1493,Amazon,rx6700xt,20
1494,Amazon,rx6700xt,200
1495,Amazon,rx6700xt,10
1496,Amazon,rx6700xt,310
1497,Amazon,rx6700xt,1
1498,Amazon,rx6700xt,1
1499,Amazon,rx6700xt,60
1500,Amazon,rx6700xt,111
1501,Amazon,rx6700xt,1690
1502,Amazon,rx6700xt,1
1503,Amazon,rx6700xt,1
1504,Amazon,rx6700xt,42
1505,Amazon,rx6700xt,1
1506,Amazon,rx6700xt,9
1507,Amazon,rx6700xt,1
1508,Amazon,rx6700xt,9
1509,Amazon,rx6700xt,618
1510,Amazon,rx6700xt,1
1511,Amazon,rx6700xt,2296
1512,Amazon,rx6700xt,156
1513,Amazon,rx6700xt,1
1514,Amazon,rx6700xt,24
1515,Amazon,rx6700xt,1
1516,Amazon,rx6700xt,26496
1517,Amazon,rx6700xt,429
1518,Amazon,rx6700xt,1
1519,Amazon,rx6700xt,54
1520,Amazon,rx6700xt,162
1521,Amazon,rx6700xt,1
1522,Amazon,rx6700xt,18
1523,Amazon,rx6700xt,1
1524,Amazon,rx6700xt,69
1525,Amazon,rx6700xt,24
1526,Amazon,rx6700xt,720
1527,Amazon,rx6700xt,1
1528,BestBuy,rx6700xt,52
1529,BestBuy,rx6700xt,1
1530,BestBuy,rx6700xt,1
1531,Amazon,rx6700xt,9
1532,BestBuy,rx6700xt,1
1533,BestBuy,rx6700xt,1
1534,BestBuy,rx6700xt,1
1535,Amazon,rx6700xt,51
1536,Amazon,rx6700xt,1
1537,Amazon,rx6700xt,9
1538,Amazon,rx6700xt,1
1539,Amazon,rx6700xt,258
1540,Amazon,rx6700xt,6831
1541,Amazon,rx6700xt,1
1542,Amazon,rx6700xt,18
1543,Amazon,rx6700xt,1
1544,BestBuy,rx6700xt,15
1545,BestBuy,rx6700xt,1
1546,Amazon,rx6700xt,34462
1547,BestBuy,rx6700xt,1
1548,BestBuy,rx6700xt,1
1549,BestBuy,rx6700xt,1
1550,BestBuy,rx6700xt,1
1551,BestBuy,rx6700xt,1
1552,BestBuy,rx6700xt,1
1553,BestBuy,rx6700xt,1
1554,Amazon,rx6700xt,9
1555,Amazon,rx6700xt,1
1556,BestBuy,rx6700xt,1
1557,Amazon,rx6700xt,9
1558,Amazon,rx6700xt,1
1559,Amazon,rx6700xt,1
1560,Amazon,rx6700xt,1
1561,Amazon,rx6700xt,1
1562,Amazon,rx6700xt,60
1563,Amazon,rx6700xt,906
1564,Amazon,rx6700xt,1
1565,Amazon,rx6700xt,8
1566,Amazon,rx6700xt,1287
1567,Amazon,rx6700xt,36
1568,Amazon,rx6700xt,315
1569,Amazon,rx6700xt,1
1570,Amazon,rx6700xt,18
1571,Amazon,rx6700xt,24
1572,Amazon,rx6700xt,51
1573,Amazon,rx6700xt,33
1574,Amazon,rx6700xt,84
1575,Amazon,rx6700xt,1
1576,Amazon,rx6700xt,9
1577,Amazon,rx6700xt,1
1578,Amazon,rx6700xt,1380
1579,Amazon,rx6700xt,1
1580,Amazon,rx6700xt,1
1581,Amazon,rx6700xt,1
1582,Amazon,rx6700xt,69
1583,Amazon,rx6700xt,9
1584,Amazon,rx6700xt,1
1585,Amazon,rx6700xt,18
1586,Amazon,rx6700xt,129
1587,Amazon,rx6700xt,138
1588,Amazon,rx6700xt,327
1589,Amazon,rx6700xt,1
1590,Amazon,rx6700xt,51
1591,Amazon,rx6700xt,19560
1592,Amazon,rx6700xt,46655
1593,Amazon,rx6700xt,429
1594,Amazon,rx6700xt,9
1595,Amazon,rx6700xt,9
1596,Amazon,rx6700xt,87
1597,Amazon,rx6700xt,1
1598,Amazon,rx6700xt,9
1599,Amazon,rx6700xt,27
1600,Amazon,rx6700xt,127
1601,Amazon,rx6700xt,18
1602,Amazon,rx6700xt,274
1603,Amazon,rx6700xt,15
1604,Amazon,rx6700xt,576
1605,Amazon,rx6700xt,33
1606,Amazon,rx6700xt,60
1607,Amazon,rx6700xt,189
1608,Amazon,rx6700xt,8991
1609,Amazon,rx6700xt,24
1610,Amazon,rx6700xt,24
1611,Amazon,rx6700xt,78
1612,Amazon,rx6700xt,36
1613,Amazon,rx6700xt,102
1614,Amazon,rx6700xt,105
1615,Amazon,rx6700xt,1362
1616,Amazon,rx6700xt,9
1617,Amazon,rx6700xt,111
1618,Amazon,rx6700xt,12245
1619,Amazon,rx6700xt,827
1620,Amazon,rx6700xt,9
1621,Amazon,rx6700xt,36
1622,Amazon,rx6700xt,33
1623,Amazon,rx6700xt,36
1624,Amazon,rx6700xt,42
1625,Amazon,rx6700xt,102
1626,Amazon,rx6700xt,1
1627,Amazon,rx6700xt,138
1628,Amazon,rx6700xt,1
1629,Amazon,rx6700xt,21336
1630,Amazon,rx6700xt,111
1631,Amazon,rx6700xt,78
1632,Amazon,rx6700xt,1
1633,Amazon,rx6700xt,111
1634,Amazon,rx6700xt,267
1635,Amazon,rx6700xt,69
1636,Amazon,rx6700xt,9
1637,Amazon,rx6700xt,1
1638,Amazon,rx6700xt,9
1639,Amazon,rx6700xt,138
1640,Amazon,rx6700xt,6
1641,Amazon,rx6700xt,111
1642,Amazon,rx6700xt,33
1643,Amazon,rx6700xt,1
1644,Amazon,rx6700xt,69
1645,Amazon,rx6700xt,249
1646,Amazon,rx6700xt,33
1647,Amazon,rx6700xt,33
1648,Amazon,rx6700xt,111
1649,Amazon,rx6700xt,1
1650,Amazon,rx6700xt,69
1651,Amazon,rx6700xt,42
1652,Amazon,rx6700xt,33
1653,Amazon,rx6700xt,306
1654,Amazon,rx6700xt,444
1655,Amazon,rx6700xt,171
1656,Amazon,rx6700xt,84
1657,Amazon,rx6700xt,462
1658,Amazon,rx6700xt,6
1659,Amazon,rx6700xt,69
1660,Amazon,rx6700xt,711
1661,Amazon,rx6700xt,51
1662,Amazon,rx6700xt,351
1663,Amazon,rx6700xt,24
1664,Amazon,rx6700xt,1413
1665,Amazon,rx6700xt,198
1666,Amazon,rx6700xt,369
1667,Amazon,rx6700xt,162
1668,Amazon,rx6700xt,54
1669,Amazon,rx6700xt,249
1670,Amazon,rx6700xt,471
1671,Amazon,rx6700xt,2013
1672,Amazon,rx6700xt,213
1673,Amazon,rx6700xt,2193
1674,Amazon,rx6700xt,693
1675,Amazon,rx6700xt,231
1676,Amazon,rx6700xt,933
1677,Amazon,rx6700xt,1140
1678,Amazon,rx6700xt,549
1679,Amazon,rx6700xt,573
1680,Amazon,rx6700xt,51
1681,Amazon,rx6700xt,1
1682,Amazon,rx6700xt,1
1683,Amazon,rx6700xt,135
1684,Amazon,rx6700xt,15
1685,Amazon,rx6700xt,1
1686,Amazon,rx6700xt,111
1687,Amazon,rx6700xt,1200
1688,Amazon,rx6700xt,1287
1689,Amazon,rx6700xt,573
1690,Amazon,rx6700xt,480
1691,Amazon,rx6700xt,1
1692,Amazon,rx6700xt,1
1693,Amazon,rx6700xt,9
1694,Amazon,rx6700xt,204
1695,Amazon,rx6700xt,129
1696,Amazon,rx6700xt,540
1697,Amazon,rx6700xt,1860
1698,Amazon,rx6700xt,753
1699,Amazon,rx6700xt,9
1700,Amazon,rx6700xt,2562
1701,Amazon,rx6700xt,93
1702,Amazon,rx6700xt,1533
1703,Amazon,rx6700xt,2256
1704,Amazon,rx6700xt,2520
1705,Amazon,rx6700xt,6
1706,Amazon,rx6700xt,129
1707,Amazon,rx6700xt,1
1708,Amazon,rx6700xt,966
1709,Amazon,rx6700xt,324
1710,Amazon,rx6700xt,84
1711,Amazon,rx6700xt,231
1712,Amazon,rx6700xt,84
1713,Amazon,rx6700xt,1
1714,Amazon,rx6700xt,60
1715,Amazon,rx6700xt,51
1716,Amazon,rx6700xt,33
1717,Amazon,rx6700xt,51
1718,Amazon,rx6700xt,216
1719,Amazon,rx6700xt,33
1720,Amazon,rx6700xt,48840
1721,Amazon,rx6700xt,402
1722,Amazon,rx6700xt,51
1723,Amazon,rx6700xt,9
1724,Amazon,rx6700xt,1
1725,Amazon,rx6700xt,258
1726,Amazon,rx6700xt,1
1727,Amazon,rx6700xt,9
1728,Amazon,rx6700xt,1
1729,Amazon,rx6700xt,18
1730,Amazon,rx6700xt,9
1731,Amazon,rx6700xt,51
1732,Amazon,rx6700xt,33
1733,Amazon,rx6700xt,1
1734,Amazon,rx6700xt,33
1735,Amazon,rx6700xt,60
1736,Amazon,rx6700xt,34
1737,Amazon,rx6700xt,9
1738,Amazon,rx6700xt,75
1739,Amazon,rx6700xt,1
1740,Amazon,rx6700xt,69
1741,Amazon,rx6700xt,1
1742,Amazon,rx6700xt,1303
1743,Amazon,rx6700xt,9
1744,Amazon,rx6700xt,9
1745,Amazon,rx6700xt,78
1746,Amazon,rx6700xt,135
1747,Amazon,rx6700xt,33
1748,Amazon,rx6700xt,60
1749,Amazon,rx6800xt,497
1750,Amazon,rx6800xt,180
1751,Amazon,rx6800xt,240
1752,Amazon,rx6800xt,1277
1753,Amazon,rx6800xt,70
1754,Amazon,rx6800xt,16242
1755,Amazon,rx6800xt,22913
1756,Amazon,rx6800xt,1165
1757,Amazon,rx6800xt,29033
1758,Amazon,rx6800xt,85
1759,Amazon,rx6800xt,7
1760,Amazon,rx6800xt,18
1761,Amazon,rx6800xt,29848
1762,Amazon,rx6800xt,25094
1763,Amazon,rx6800xt,29848
1764,Amazon,rx6800xt,5654
1765,Amazon,rx6800xt,29848
1766,Amazon,rx6800xt,13567
1767,Amazon,rx6800xt,35
1768,Amazon,rx6800xt,430
1769,Amazon,rx6800xt,9159
1770,Amazon,rx6800xt,11425
1771,Amazon,rx6800xt,11760
1772,Amazon,rx6800xt,12346
1773,Amazon,rx6800xt,1
1774,Amazon,rx6800xt,374
1775,Amazon,rx6800xt,169
1776,Amazon,rx6800xt,925
1777,Amazon,rx6800xt,967
1778,Amazon,rx6800xt,1
1779,Amazon,rx6800xt,360
1780,Amazon,rx6800xt,130
1781,Amazon,rx6800xt,360
1782,Amazon,rx6800xt,508
1783,Amazon,rx6800xt,2792
1784,Amazon,rx6800xt,1102
1785,Amazon,rx6800xt,625
1786,Amazon,rx6800xt,30844
1787,Amazon,rx6800xt,773
1788,Amazon,rx6800xt,300
1789,Amazon,rx6800xt,187
1790,Amazon,rx6800xt,894
1791,Amazon,rx6800xt,533
1792,Amazon,rx6800xt,57773
1793,Amazon,rx6800xt,159
1794,Amazon,rx6800xt,133
1795,Amazon,rx6800xt,713
1796,Amazon,rx6800xt,8400
1797,Amazon,rx6800xt,1
1798,Amazon,rx6800xt,1
1799,Amazon,rx6800xt,1599
1800,Amazon,rx6800xt,314
1801,Amazon,rx6800xt,967
1802,Amazon,rx6800xt,53220
1803,Amazon,rx6800xt,208
1804,Amazon,rx6800xt,4
1805,Amazon,rx6800xt,3035
1806,Amazon,rx6800xt,1
1807,Amazon,rx6800xt,1814
1808,Amazon,rx6800xt,114
1809,Amazon,rx6800xt,865
1810,Amazon,rx6800xt,1
1811,Amazon,rx6800xt,2175
1812,Amazon,rx6800xt,4402
1813,Amazon,rx6800xt,1
1814,Amazon,rx6800xt,1
1815,Amazon,rx6800xt,399
1816,Amazon,rx6800xt,22
1817,Amazon,rx6800xt,1
1818,Amazon,rx6800xt,328
1819,Amazon,rx6800xt,1
1820,Amazon,rx6800xt,6173
1821,Amazon,rx6800xt,99
1822,Amazon,rx6800xt,307
1823,Amazon,rx6800xt,127
1824,Amazon,rx6800xt,14
1825,Amazon,rx6800xt,632
1826,Amazon,rx6800xt,247
1827,Amazon,rx6800xt,6
1828,Amazon,rx6800xt,10
1829,Amazon,rx6800xt,95
1830,Amazon,rx6800xt,900
1831,Amazon,rx6800xt,466
1832,Amazon,rx6800xt,1052
1833,Amazon,rx6800xt,233
1834,Amazon,rx6800xt,17
1835,Amazon,rx6800xt,46
1836,Amazon,rx6800xt,18
1837,Amazon,rx6800xt,2280
1838,Amazon,rx6800xt,1
1839,Amazon,rx6800xt,21
1840,Amazon,rx6800xt,25
1841,Amazon,rx6800xt,4
1842,Amazon,rx6800xt,1
1843,Amazon,rx6800xt,60
1844,Amazon,rx6800xt,1
1845,Amazon,rx6800xt,11
1846,Amazon,rx6800xt,113
1847,Amazon,rx6800xt,28
1848,Amazon,rx6800xt,106
1849,Amazon,rx6800xt,7
1850,Amazon,rx6800xt,1
1851,Amazon,rx6800xt,1
1852,Amazon,rx6800xt,159
1853,Amazon,rx6800xt,807
1854,Amazon,rx6800xt,10
1855,Amazon,rx6800xt,1
1856,Amazon,rx6800xt,28
1857,Amazon,rx6800xt,7
1858,Amazon,rx6800xt,458
1859,Amazon,rx6800xt,25
1860,Amazon,rx6800xt,1
1861,Amazon,rx6800xt,1680
1862,Amazon,rx6800xt,7
1863,Amazon,rx6800xt,1
1864,Amazon,rx6800xt,1
1865,Amazon,rx6800xt,1
1866,Amazon,rx6800xt,28
1867,Amazon,rx6800xt,28
1868,Amazon,rx6800xt,81
1869,Amazon,rx6800xt,1
1870,Amazon,rx6800xt,21
1871,Amazon,rx6800xt,8
1872,Amazon,rx6800xt,1
1873,Amazon,rx6800xt,77
1874,Amazon,rx6800xt,1
1875,Amazon,rx6800xt,53
1876,Amazon,rx6800xt,1
1877,Amazon,rx6800xt,413
1878,Amazon,rx6800xt,174
1879,Amazon,rx6800xt,113
1880,Amazon,rx6800xt,1
1881,Amazon,rx6800xt,240
1882,Amazon,rx6800xt,28
1883,Amazon,rx6800xt,565
1884,Amazon,rx6800xt,1
1885,Amazon,rx6800xt,1
1886,Amazon,rx6800xt,1
1887,Amazon,rx6800xt,5717
1888,Amazon,rx6800xt,7066
1889,Amazon,rx6800xt,1
1890,Amazon,rx6800xt,1
1891,Amazon,rx6800xt,1
1892,Amazon,rx6800xt,28
1893,Amazon,rx6800xt,1
1894,Amazon,rx6800xt,25
1895,Amazon,rx6800xt,1
1896,Amazon,rx6800xt,259
1897,Amazon,rx6800xt,1
1898,Amazon,rx6800xt,1
1899,Amazon,rx6800xt,1
1900,Amazon,rx6800xt,1
1901,Amazon,rx6800xt,6
1902,Amazon,rx6800xt,14
1903,Amazon,rx6800xt,1
1904,Amazon,rx6800xt,165
1905,Amazon,rx6800xt,138
1906,Amazon,rx6800xt,7
1907,Amazon,rx6800xt,7
1908,Amazon,rx6800xt,53
1909,Amazon,rx6800xt,32
1910,Amazon,rx6800xt,1
1911,Amazon,rx6800xt,17
1912,Amazon,rx6800xt,8
1913,Amazon,rx6800xt,7
1914,Amazon,rx6800xt,7
1915,Amazon,rx6800xt,11
1916,Amazon,rx6800xt,95
1917,Amazon,rx6800xt,46
1918,Amazon,rx6800xt,7
1919,Amazon,rx6800xt,7
1920,Amazon,rx6800xt,1
1921,Amazon,rx6800xt,22
1922,Amazon,rx6800xt,1
1923,Amazon,rx6800xt,6
1924,Amazon,rx6800xt,4793
1925,Amazon,rx6800xt,1
1926,Amazon,rx6800xt,32
1927,Amazon,rx6800xt,53
1928,Amazon,rx6800xt,38
1929,Amazon,rx6800xt,1
1930,Amazon,rx6800xt,1
1931,Amazon,rx6800xt,3367
1932,Amazon,rx6800xt,427
1933,Amazon,rx6800xt,1
1934,Amazon,rx6800xt,32
1935,Amazon,rx6800xt,1
1936,Amazon,rx6800xt,7
1937,Amazon,rx6800xt,7
1938,Amazon,rx6800xt,1
1939,Amazon,rx6800xt,465
1940,Amazon,rx6800xt,7
1941,Amazon,rx6800xt,7
1942,Amazon,rx6800xt,1
1943,Amazon,rx6800xt,1
1944,Amazon,rx6800xt,127
1945,Amazon,rx6800xt,7
1946,Amazon,rx6800xt,7
1947,Amazon,rx6800xt,145
1948,Amazon,rx6800xt,7
1949,Amazon,rx6800xt,14
1950,Amazon,rx6800xt,1
1951,Amazon,rx6800xt,33
1952,Amazon,rx6800xt,21
1953,Amazon,rx6800xt,39
1954,Amazon,rx6800xt,39
1955,Amazon,rx6800xt,14
1956,Amazon,rx6800xt,275
1957,Amazon,rx6800xt,1
1958,Amazon,rx6800xt,120
1959,Amazon,rx6800xt,1
1960,Amazon,rx6800xt,7
1961,Amazon,rx6800xt,7
1962,Amazon,rx6800xt,1
1963,Amazon,rx6800xt,1
1964,Amazon,rx6800xt,434
1965,Amazon,rx6800xt,1
1966,Amazon,rx6800xt,39702
1967,Amazon,rx6800xt,1
1968,Amazon,rx6800xt,1
1969,Amazon,rx6800xt,1
1970,Amazon,rx6800xt,5040
1971,Amazon,rx6800xt,1
1972,Amazon,rx6800xt,32
1973,Amazon,rx6800xt,1595
1974,Amazon,rx6800xt,1
1975,Amazon,rx6800xt,1
1976,Amazon,rx6800xt,1
1977,Amazon,rx6800xt,133
1978,Amazon,rx6800xt,1
1979,Amazon,rx6800xt,1
1980,Amazon,rx6800xt,1
1981,Amazon,rx6800xt,28
1982,Amazon,rx6800xt,1
1983,Amazon,rx6800xt,39
1984,Amazon,rx6800xt,18
1985,Amazon,rx6800xt,120
1986,Amazon,rx6800xt,60
1987,Amazon,rx6800xt,31
1988,Amazon,rx6800xt,42
1989,Amazon,rx6800xt,133
1990,Amazon,rx6800xt,1
1991,Amazon,rx6800xt,8
1992,Amazon,rx6800xt,93
1993,Amazon,rx6800xt,145
1994,Amazon,rx6800xt,1
1995,Amazon,rx6800xt,85
1996,Amazon,rx6800xt,1
1997,Amazon,rx6800xt,7
1998,Amazon,rx6800xt,1
1999,Amazon,rx6800xt,367
2000,Amazon,rx6800xt,1
2001,Amazon,rx6800xt,2354
2002,Amazon,rx6800xt,1185
2003,Amazon,rx6800xt,3798
2004,Amazon,rx6800xt,3659
2005,Amazon,rx6800xt,1
2006,Amazon,rx6800xt,17671
2007,Amazon,rx6800xt,14952
2008,Amazon,rx6800xt,1
2009,Amazon,rx6800xt,1
2010,Amazon,rx6800xt,1
2011,Amazon,rx6800xt,1
2012,Amazon,rx6800xt,1
2013,Amazon,rx6900xt,1
2014,BestBuy,rx6900xt,251
2015,Amazon,rx6900xt,275
2016,BestBuy,rx6900xt,371
2017,Amazon,rx6900xt,7391
2018,Amazon,rx6900xt,22895
2019,Amazon,rx6900xt,22895
2020,BestBuy,rx6900xt,9071
2021,Amazon,rx6900xt,24780
2022,BestBuy,rx6900xt,1260
2023,Amazon,rx6900xt,1295
2024,Amazon,rx6900xt,96
2025,Amazon,rx6900xt,456
2026,Amazon,rx6900xt,1
2027,BestBuy,rx6900xt,4116
2028,Amazon,rx6900xt,19980
2029,Amazon,rx6900xt,5616
2030,Amazon,rx6900xt,29820
2031,Amazon,rx6900xt,29820
2032,Amazon,rx6900xt,5640
2033,Amazon,rx6900xt,29820
2034,Amazon,rx6900xt,26820
2035,Amazon,rx6900xt,1151
2036,Amazon,rx6900xt,3011
2037,Amazon,rx6900xt,480
2038,Amazon,rx6900xt,6180
2039,Amazon,rx6900xt,864
2040,Amazon,rx6900xt,191
2041,Amazon,rx6900xt,1020
2042,Amazon,rx6900xt,84
2043,Amazon,rx6900xt,455
2044,Amazon,rx6900xt,18960
2045,Amazon,rx6900xt,131
2046,Amazon,rx6900xt,1
2047,Amazon,rx6900xt,1
2048,Amazon,rx6900xt,96
2049,Amazon,rx6900xt,131
2050,Amazon,rx6900xt,1175
2051,Amazon,rx6900xt,2280
2052,Amazon,rx6900xt,6431
2053,Amazon,rx6900xt,1620
2054,Amazon,rx6900xt,564
2055,Amazon,rx6900xt,35675
2056,Amazon,rx6900xt,42851
2057,Amazon,rx6900xt,42851
2058,Amazon,rx6900xt,9731
2059,Amazon,rx6900xt,42851
2060,Amazon,rx6900xt,42851
2061,Amazon,rx6900xt,2531
2062,BestBuy,rx6900xt,51576
2063,Amazon,rx6900xt,15551
2064,Amazon,rx6900xt,240
2065,BestBuy,rx6900xt,85
2066,BestBuy,rx6900xt,204
2067,BestBuy,rx6900xt,264
2068,BestBuy,rx6900xt,1
2069,BestBuy,rx6900xt,11
2070,BestBuy,rx6900xt,1
2071,BestBuy,rx6900xt,180
2072,BestBuy,rx6900xt,1
2073,BestBuy,rx6900xt,180
2074,BestBuy,rx6900xt,540
2075,Amazon,rx6900xt,3096
2076,Amazon,rx6900xt,43260
2077,Amazon,rx6900xt,2664
2078,Amazon,rx6900xt,275
2079,Amazon,rx6900xt,625
2080,Amazon,rx6900xt,60
2081,Amazon,rx6900xt,169
2082,BestBuy,rx6900xt,16091
2083,Amazon,rx6900xt,49211
2084,Amazon,rx6900xt,49211
2085,Amazon,rx6900xt,456
2086,Amazon,rx6900xt,35
2087,Amazon,rx6900xt,469
2088,Amazon,rx6900xt,11
2089,Amazon,rx6900xt,35
2090,Amazon,rx6900xt,85
2091,Amazon,rx6900xt,180
2092,Amazon,rx6900xt,1
2093,Amazon,rx6900xt,25
2094,Amazon,rx6900xt,156
2095,Amazon,rx6900xt,420
2096,Amazon,rx6900xt,24
2097,Amazon,rx6900xt,49
2098,Amazon,rx6900xt,505
2099,Amazon,rx6900xt,505
2100,Amazon,rx6900xt,109
2101,Amazon,rx6900xt,1320
2102,Amazon,rx6900xt,120
2103,Amazon,rx6900xt,1
2104,Amazon,rx6900xt,1
2105,Amazon,rx6900xt,11
2106,Amazon,rx6900xt,780
2107,Amazon,rx6900xt,60
2108,Amazon,rx6900xt,851
2109,Amazon,rx6900xt,11
2110,Amazon,rx6900xt,61980
2111,Amazon,rx6900xt,24
2112,Amazon,rx6900xt,78000
2113,Amazon,rx6900xt,911
2114,Amazon,rx6900xt,1620
2115,Amazon,rx6900xt,95
2116,Amazon,rx6900xt,96
2117,Amazon,rx6900xt,1200
2118,Amazon,rx6900xt,215
2119,Amazon,rx6900xt,36
2120,Amazon,rx6900xt,1
2121,Amazon,rx6900xt,36
2122,Amazon,rx6900xt,35
2123,Amazon,rx6900xt,1
2124,Amazon,rx6900xt,32771
2125,Amazon,rx6900xt,1
2126,Amazon,rx6900xt,25
2127,Amazon,rx6900xt,1
2128,Amazon,rx6900xt,324
2129,Amazon,rx6900xt,36
2130,Amazon,rx6900xt,1
2131,Amazon,rx6900xt,1
2132,Amazon,rx6900xt,349
2133,Amazon,rx6900xt,27431
2134,Amazon,rx6900xt,35016
2135,Amazon,rx6900xt,121356
2136,Amazon,rx6900xt,1
2137,Amazon,rx6900xt,71
2138,Amazon,rx6900xt,145
2139,Amazon,rx6900xt,180
2140,Amazon,rx6900xt,120
2141,Amazon,rx6900xt,25
2142,Amazon,rx6900xt,35
2143,Amazon,rx6900xt,25
2144,Amazon,rx6900xt,95
2145,Amazon,rx6900xt,431
2146,Amazon,rx6900xt,36
2147,Amazon,rx6900xt,49
2148,Amazon,rx6900xt,1
2149,Amazon,rx6900xt,1
2150,Amazon,rx6900xt,11
2151,Amazon,rx6900xt,36
2152,Amazon,rx6900xt,1
2153,Amazon,rx6900xt,1
2154,Amazon,rx6900xt,1
2155,Amazon,rx6900xt,8124
2156,Amazon,rx6900xt,1
2157,Amazon,rx6900xt,25
2158,Amazon,rx6900xt,1
2159,Amazon,rx6900xt,1
2160,Amazon,rx6900xt,84
2161,Amazon,rx6900xt,120
2162,Amazon,rx6900xt,180
2163,Amazon,rx6900xt,1175
2164,Amazon,rx6900xt,1
2165,Amazon,rx6900xt,11
2166,Amazon,rx6900xt,1
2167,Amazon,rx6900xt,1
2168,Amazon,rx6900xt,1
2169,Amazon,rx6900xt,60
2170,Amazon,rx6900xt,1
2171,Amazon,rx6900xt,35
2172,Amazon,rx6900xt,1
2173,Amazon,rx6900xt,36
2174,Amazon,rx6900xt,95
2175,Amazon,rx6900xt,11
2176,Amazon,rx6900xt,96
2177,Amazon,rx6900xt,25
2178,Amazon,rx6900xt,95
2179,Amazon,rx6900xt,95
2180,Amazon,rx6900xt,85
2181,Amazon,rx6900xt,145
2182,Amazon,rx6900xt,1
2183,Amazon,rx6900xt,191
2184,Amazon,rx6900xt,25
2185,Amazon,rx6900xt,1
2186,Amazon,rx6900xt,240
2187,Amazon,rx6900xt,1
2188,Amazon,rx6900xt,1
2189,Amazon,rx6900xt,336
2190,Amazon,rx6900xt,180
2191,Amazon,rx6900xt,371
2192,Amazon,rx6900xt,420
2193,Amazon,rx6900xt,1
2194,Amazon,rx6900xt,1
2195,Amazon,rx6900xt,11
2196,Amazon,rx6900xt,1
2197,Amazon,rx6900xt,4115
2198,Amazon,rx6900xt,11
2199,Amazon,rx6900xt,2544
2200,Amazon,rx6900xt,1
2201,Amazon,rx6900xt,971
2202,Amazon,rx6900xt,2651
2203,Amazon,rx6900xt,11
2204,Amazon,rx6900xt,1
2205,Amazon,rx6900xt,960
2206,Amazon,rx6900xt,109
2207,Amazon,rx6900xt,24
2208,Amazon,rx6900xt,565
2209,Amazon,rx6900xt,336
2210,Amazon,rx6900xt,71
2211,Amazon,rx6900xt,11
2212,Amazon,rx6900xt,1
2213,Amazon,rx6900xt,79
2214,Amazon,rx6900xt,127
2215,Amazon,rx6900xt,67
2216,Amazon,rx6900xt,17
2217,Amazon,rx6900xt,1
2218,Amazon,rx6900xt,60
2219,Amazon,rx6900xt,1
2220,Amazon,rx6900xt,1
2221,Amazon,rx6900xt,7
2222,Amazon,rx6900xt,7
2223,Amazon,rx6900xt,1
2224,Amazon,rx6900xt,84
2225,Amazon,rx6900xt,1
2226,Amazon,rx6900xt,1
2227,Amazon,rx6900xt,1
2228,Amazon,rx6900xt,1
2229,Amazon,rx6900xt,1
2230,Amazon,rx6900xt,161
2231,Amazon,rx6900xt,1
2232,Amazon,rx6900xt,1
2233,Amazon,rx6900xt,1
2234,Amazon,rx6900xt,180
2235,Amazon,rx6900xt,53664
2236,Amazon,rx6900xt,69991
2237,Amazon,rx6900xt,88591
2238,Amazon,rx6900xt,100496
2239,Amazon,rx6900xt,100496
2240,Amazon,rx6900xt,71671
2241,Amazon,rx6900xt,18789
2242,Amazon,rx6900xt,18789
2243,Amazon,rx6900xt,18789
2244,Amazon,rx6900xt,29940
2245,Amazon,rx6900xt,29940
2246,Amazon,rx6900xt,85
2247,Amazon,rx6900xt,85
2248,Amazon,rx6900xt,19444
2249,Amazon,rx6900xt,1
2250,Amazon,rx6900xt,1
2251,Amazon,rx6900xt,1
2252,Amazon,rx6900xt,60780
2253,Amazon,rx6900xt,4087
2254,Amazon,rx6900xt,43170
2255,Amazon,rx6900xt,5511
2256,Amazon,rx6900xt,5511
2257,Amazon,rx6900xt,635
2258,Amazon,rx6900xt,635
2259,Amazon,rx6900xt,1
2260,Amazon,rx6900xt,1
2261,Amazon,rx6900xt,1
2262,Amazon,rx6900xt,3
2263,Amazon,rx6900xt,1
2264,Amazon,rx6900xt,4
2265,Amazon,rx6900xt,6
2266,Amazon,rx6900xt,1
2267,Amazon,rx6900xt,1
2268,Amazon,rx6900xt,73
